sample_id,image_path,ground_truth_boxes,phase,predicted_boxes_claude_sonnet,inference_time_ms_claude_sonnet,error_claude_sonnet,predicted_boxes_gpt-5-mini,inference_time_ms_gpt-5-mini,error_gpt-5-mini,predicted_boxes_gpt-5-nano,inference_time_ms_gpt-5-nano,error_gpt-5-nano
102415,,,P-C,,193.06206703186035,Error when retrieving token from sso: Token has expired and refresh failed,,9960.257053375244,,,14968.855619430542,
102930,,,P-C,,182.62004852294922,Error when retrieving token from sso: Token has expired and refresh failed,,12796.118021011353,,,11905.95006942749,
108635,,,P-C,,180.59802055358887,Error when retrieving token from sso: Token has expired and refresh failed,,18131.51788711548,,,18725.40783882141,
108636,,,P-C,,185.83297729492188,Error when retrieving token from sso: Token has expired and refresh failed,,13780.492067337036,,,15371.922254562378,
108646,,,P-C,,192.0018196105957,Error when retrieving token from sso: Token has expired and refresh failed,,14156.996965408325,,,14233.105897903442,
108647,,,P-C,,180.22871017456055,Error when retrieving token from sso: Token has expired and refresh failed,,16356.031894683838,,,18535.632848739624,
108648,,,P-C,,180.5441379547119,Error when retrieving token from sso: Token has expired and refresh failed,,15995.709896087646,,,15769.176006317139,
10946,,,P-C,,188.34495544433594,Error when retrieving token from sso: Token has expired and refresh failed,,15795.582056045532,,,15444.957971572876,
10948,,,P-C,,189.75377082824707,Error when retrieving token from sso: Token has expired and refresh failed,,21324.65100288391,,,16384.27495956421,
110118,,,P-C,,187.97898292541504,Error when retrieving token from sso: Token has expired and refresh failed,,14821.033954620361,,,16853.756189346313,
110150,,,P-C,,188.57502937316895,Error when retrieving token from sso: Token has expired and refresh failed,,15261.895179748535,,,14848.955869674683,
110151,,,P-C,,185.0118637084961,Error when retrieving token from sso: Token has expired and refresh failed,,11119.687795639038,,,18193.849802017212,
110152,,,P-C,,187.50810623168945,Error when retrieving token from sso: Token has expired and refresh failed,,12832.528829574585,,,18342.236280441284,
110153,,,P-C,,187.56103515625,Error when retrieving token from sso: Token has expired and refresh failed,,11805.458784103394,,,16281.64005279541,
110164,,,P-C,,186.31887435913086,Error when retrieving token from sso: Token has expired and refresh failed,,13577.348947525024,,,21484.606981277466,
110165,,,P-C,,185.60791015625,Error when retrieving token from sso: Token has expired and refresh failed,,9258.531093597412,,,14403.16104888916,
110166,,,P-C,,187.79730796813965,Error when retrieving token from sso: Token has expired and refresh failed,,11734.444856643677,,,18619.176864624023,
110167,,,P-C,,186.15293502807617,Error when retrieving token from sso: Token has expired and refresh failed,,14241.486072540283,,,15697.155714035034,
110168,,,P-C,,192.26694107055664,Error when retrieving token from sso: Token has expired and refresh failed,,13629.382848739624,,,14366.127014160156,
11037,,,P-C,,183.60304832458496,Error when retrieving token from sso: Token has expired and refresh failed,,15948.175191879272,,,14952.568054199219,
117878,,,P-C,,186.30313873291016,Error when retrieving token from sso: Token has expired and refresh failed,,14761.943817138672,,,14357.6819896698,
117879,,,P-C,,185.805082321167,Error when retrieving token from sso: Token has expired and refresh failed,,14216.010093688965,,,15153.388023376465,
117880,,,P-C,,188.52996826171875,Error when retrieving token from sso: Token has expired and refresh failed,,13330.84487915039,,,14940.120220184326,
117881,,,P-C,,182.83796310424805,Error when retrieving token from sso: Token has expired and refresh failed,,12504.040241241455,,,14827.45385169983,
117882,,,P-C,,186.39898300170898,Error when retrieving token from sso: Token has expired and refresh failed,,14874.812126159668,,,16389.56904411316,
117883,,,P-C,,186.91086769104004,Error when retrieving token from sso: Token has expired and refresh failed,,12938.146114349365,,,14844.128131866455,
118511,,,P-C,,196.8860626220703,Error when retrieving token from sso: Token has expired and refresh failed,,16589.418172836304,,,25496.334075927734,
119395,,,P-C,,192.1858787536621,Error when retrieving token from sso: Token has expired and refresh failed,,15224.622964859009,,,20080.264806747437,
122849,,,P-C,,191.1301612854004,Error when retrieving token from sso: Token has expired and refresh failed,,14378.540992736816,,,17799.83901977539,
127107,,,P-C,,189.84079360961914,Error when retrieving token from sso: Token has expired and refresh failed,,13587.097883224487,,,10510.873079299927,
127108,,,P-C,,183.1190586090088,Error when retrieving token from sso: Token has expired and refresh failed,,13105.082273483276,,,19712.10503578186,
127109,,,P-C,,193.0077075958252,Error when retrieving token from sso: Token has expired and refresh failed,,10555.516004562378,,,10186.864852905273,
127110,,,P-C,,184.80181694030762,Error when retrieving token from sso: Token has expired and refresh failed,,17074.065923690796,,,11673.376083374023,
127122,,,P-C,,186.85197830200195,Error when retrieving token from sso: Token has expired and refresh failed,,14722.614049911499,,,15049.59511756897,
127369,,,P-C,,185.74905395507812,Error when retrieving token from sso: Token has expired and refresh failed,,19358.930110931396,,,18458.953857421875,
127370,,,P-C,,184.30209159851074,Error when retrieving token from sso: Token has expired and refresh failed,,17230.402946472168,,,15843.544960021973,
127663,,,P-C,,186.8460178375244,Error when retrieving token from sso: Token has expired and refresh failed,,15432.646751403809,,,19557.661294937134,
130973,,,P-C,,186.71274185180664,Error when retrieving token from sso: Token has expired and refresh failed,,14290.229797363281,,,16447.860956192017,
131382,,,P-C,,186.66315078735352,Error when retrieving token from sso: Token has expired and refresh failed,,17170.362949371338,,,13209.330081939697,
131383,,,P-C,,182.01804161071777,Error when retrieving token from sso: Token has expired and refresh failed,,10980.210065841675,,,13107.646942138672,
131384,,,P-C,,187.3610019683838,Error when retrieving token from sso: Token has expired and refresh failed,,18163.316011428833,,,15466.36700630188,
131385,,,P-C,,179.9149513244629,Error when retrieving token from sso: Token has expired and refresh failed,,12183.925151824951,,,13407.315969467163,
131386,,,P-C,,186.9528293609619,Error when retrieving token from sso: Token has expired and refresh failed,,14030.000925064087,,,9881.512880325317,
131588,,,P-C,,192.52920150756836,Error when retrieving token from sso: Token has expired and refresh failed,,18110.633850097656,,,20543.412923812866,
134095,,,P-C,,185.58502197265625,Error when retrieving token from sso: Token has expired and refresh failed,,14707.22484588623,,,20666.39995574951,
134096,,,P-C,,182.74211883544922,Error when retrieving token from sso: Token has expired and refresh failed,,15042.079210281372,,,18943.646907806396,
134110,,,P-C,,186.5098476409912,Error when retrieving token from sso: Token has expired and refresh failed,,11383.615970611572,,,12468.805074691772,
134111,,,P-C,,186.354398727417,Error when retrieving token from sso: Token has expired and refresh failed,,14411.72194480896,,,13519.736051559448,
134112,,,P-C,,191.4980411529541,Error when retrieving token from sso: Token has expired and refresh failed,,12117.5217628479,,,16280.688047409058,
134113,,,P-C,,185.75811386108398,Error when retrieving token from sso: Token has expired and refresh failed,,10448.447942733765,,,14335.19697189331,
134114,,,P-C,,185.12201309204102,Error when retrieving token from sso: Token has expired and refresh failed,,14296.633958816528,,,13848.74701499939,
134115,,,P-C,,180.52315711975098,Error when retrieving token from sso: Token has expired and refresh failed,,19358.75105857849,,,10685.425996780396,
134116,,,P-C,,182.79409408569336,Error when retrieving token from sso: Token has expired and refresh failed,,12321.510076522827,,,10791.230916976929,
134117,,,P-C,,185.00709533691406,Error when retrieving token from sso: Token has expired and refresh failed,,13601.53603553772,,,18025.817155838013,
134118,,,P-C,,184.67402458190918,Error when retrieving token from sso: Token has expired and refresh failed,,9959.39826965332,,,14087.814807891846,
138217,,,P-C,,189.64409828186035,Error when retrieving token from sso: Token has expired and refresh failed,,11104.982137680054,,,14067.708015441895,
138221,,,P-C,,191.3459300994873,Error when retrieving token from sso: Token has expired and refresh failed,,11009.947061538696,,,17411.391973495483,
138657,,,P-C,,185.27626991271973,Error when retrieving token from sso: Token has expired and refresh failed,,10521.284818649292,,,17715.97719192505,
138695,,,P-C,,190.19389152526855,Error when retrieving token from sso: Token has expired and refresh failed,,12237.765073776245,,,18328.571796417236,
138696,,,P-C,,185.12701988220215,Error when retrieving token from sso: Token has expired and refresh failed,,12746.333122253418,,,19806.14972114563,
138697,,,P-C,,188.80319595336914,Error when retrieving token from sso: Token has expired and refresh failed,,14102.169752120972,,,17551.578998565674,
138698,,,P-C,,180.9248924255371,Error when retrieving token from sso: Token has expired and refresh failed,,16174.72791671753,,,20833.54616165161,
138699,,,P-C,,183.0301284790039,Error when retrieving token from sso: Token has expired and refresh failed,,12802.111148834229,,,21357.12718963623,
138700,,,P-C,,183.32409858703613,Error when retrieving token from sso: Token has expired and refresh failed,,13808.097839355469,,,18022.727966308594,
138701,,,P-C,,190.95706939697266,Error when retrieving token from sso: Token has expired and refresh failed,,16382.545948028564,,,16220.518112182617,
1431,,,P-C,,185.683012008667,Error when retrieving token from sso: Token has expired and refresh failed,,13678.038835525513,,,14236.941814422607,
14732,,,P-C,,182.9519271850586,Error when retrieving token from sso: Token has expired and refresh failed,,14815.156936645508,,,17608.39605331421,
153252,,,P-C,,184.41200256347656,Error when retrieving token from sso: Token has expired and refresh failed,,11661.608934402466,,,17276.230812072754,
153295,,,P-C,,187.94918060302734,Error when retrieving token from sso: Token has expired and refresh failed,,26531.152963638306,,,20883.70990753174,
155318,,,P-C,,183.46714973449707,Error when retrieving token from sso: Token has expired and refresh failed,,13961.371183395386,,,12902.197122573853,
155319,,,P-C,,183.8052272796631,Error when retrieving token from sso: Token has expired and refresh failed,,14227.093935012817,,,17475.915908813477,
155320,,,P-C,,191.59579277038574,Error when retrieving token from sso: Token has expired and refresh failed,,13089.851140975952,,,10162.83392906189,
155321,,,P-C,,179.11815643310547,Error when retrieving token from sso: Token has expired and refresh failed,,10226.933002471924,,,12646.018981933594,
155375,,,P-C,,182.8148365020752,Error when retrieving token from sso: Token has expired and refresh failed,,11053.317070007324,,,11276.060819625854,
155408,,,P-C,,182.59382247924805,Error when retrieving token from sso: Token has expired and refresh failed,,9293.03503036499,,,13823.506116867065,
158029,,,P-C,,185.69707870483398,Error when retrieving token from sso: Token has expired and refresh failed,,11801.212787628174,,,13723.335027694702,
158756,,,P-C,,185.83416938781738,Error when retrieving token from sso: Token has expired and refresh failed,,17963.003873825073,,,23549.61085319519,
161545,,,P-C,,183.26902389526367,Error when retrieving token from sso: Token has expired and refresh failed,,14690.927743911743,,,21949.19991493225,
161664,,,P-C,,184.15164947509766,Error when retrieving token from sso: Token has expired and refresh failed,,14038.723230361938,,,15222.203969955444,
164172,,,P-C,,188.4138584136963,Error when retrieving token from sso: Token has expired and refresh failed,,13593.773126602173,,,14432.934045791626,
165155,,,P-C,,183.9001178741455,Error when retrieving token from sso: Token has expired and refresh failed,,11663.405179977417,,,18678.78031730652,
165156,,,P-C,,185.58311462402344,Error when retrieving token from sso: Token has expired and refresh failed,,13451.488971710205,,,17273.50115776062,
165157,,,P-C,,184.56768989562988,Error when retrieving token from sso: Token has expired and refresh failed,,12363.096714019775,,,11265.141010284424,
165158,,,P-C,,192.5520896911621,Error when retrieving token from sso: Token has expired and refresh failed,,10331.500053405762,,,14124.661207199097,
165159,,,P-C,,190.52910804748535,Error when retrieving token from sso: Token has expired and refresh failed,,11401.479959487915,,,13650.70104598999,
165160,,,P-C,,187.81280517578125,Error when retrieving token from sso: Token has expired and refresh failed,,15499.786138534546,,,11059.731006622314,
165161,,,P-C,,183.27999114990234,Error when retrieving token from sso: Token has expired and refresh failed,,15142.939805984497,,,14950.149059295654,
165162,,,P-C,,179.8229217529297,Error when retrieving token from sso: Token has expired and refresh failed,,13311.761140823364,,,15845.26777267456,
165163,,,P-C,,185.66393852233887,Error when retrieving token from sso: Token has expired and refresh failed,,18534.652948379517,,,14929.072856903076,
165164,,,P-C,,190.29784202575684,Error when retrieving token from sso: Token has expired and refresh failed,,16890.339851379395,,,15390.74182510376,
165165,,,P-C,,193.75109672546387,Error when retrieving token from sso: Token has expired and refresh failed,,15651.595115661621,,,10911.659955978394,
165166,,,P-C,,184.63897705078125,Error when retrieving token from sso: Token has expired and refresh failed,,10447.90005683899,,,13021.289825439453,
165167,,,P-C,,186.56301498413086,Error when retrieving token from sso: Token has expired and refresh failed,,11894.690036773682,,,12073.179006576538,
165168,,,P-C,,183.57396125793457,Error when retrieving token from sso: Token has expired and refresh failed,,18704.918146133423,,,13706.51912689209,
166403,,,P-C,,184.7400665283203,Error when retrieving token from sso: Token has expired and refresh failed,,12203.703880310059,,,22780.832052230835,
166411,,,P-C,,183.0728054046631,Error when retrieving token from sso: Token has expired and refresh failed,,16743.00193786621,,,18864.593744277954,
166429,,,P-C,,186.21492385864258,Error when retrieving token from sso: Token has expired and refresh failed,,12981.52494430542,,,20356.816053390503,
166478,,,P-C,,184.73196029663086,Error when retrieving token from sso: Token has expired and refresh failed,,19357.291221618652,,,15965.497016906738,
166479,,,P-C,,183.43615531921387,Error when retrieving token from sso: Token has expired and refresh failed,,14576.560258865356,,,15105.164051055908,
166480,,,P-C,,187.26515769958496,Error when retrieving token from sso: Token has expired and refresh failed,,14171.303272247314,,,12388.11707496643,
166494,,,P-C,,183.05492401123047,Error when retrieving token from sso: Token has expired and refresh failed,,16995.79405784607,,,13596.400737762451,
166519,,,P-C,,187.43610382080078,Error when retrieving token from sso: Token has expired and refresh failed,,14823.547840118408,,,15877.313137054443,
166520,,,P-C,,185.8229637145996,Error when retrieving token from sso: Token has expired and refresh failed,,14153.346061706543,,,11828.660011291504,
166537,,,P-C,,185.68778038024902,Error when retrieving token from sso: Token has expired and refresh failed,,15506.310224533081,,,14714.84112739563,
166538,,,P-C,,182.0971965789795,Error when retrieving token from sso: Token has expired and refresh failed,,11433.393716812134,,,17875.837802886963,
166539,,,P-C,,190.48285484313965,Error when retrieving token from sso: Token has expired and refresh failed,,16629.696130752563,,,13623.81386756897,
166548,,,P-C,,183.31289291381836,Error when retrieving token from sso: Token has expired and refresh failed,,18332.343101501465,,,20479.67290878296,
166549,,,P-C,,195.51491737365723,Error when retrieving token from sso: Token has expired and refresh failed,,18320.65725326538,,,21094.502925872803,
169042,,,P-C,,183.17294120788574,Error when retrieving token from sso: Token has expired and refresh failed,,19013.00811767578,,,21558.106899261475,
171480,,,P-C,,186.248779296875,Error when retrieving token from sso: Token has expired and refresh failed,,15171.921014785767,,,20048.07710647583,
171572,,,P-C,,191.51997566223145,Error when retrieving token from sso: Token has expired and refresh failed,,11463.781833648682,,,11164.944171905518,
171646,,,P-C,,184.80682373046875,Error when retrieving token from sso: Token has expired and refresh failed,,13807.059049606323,,,16303.415775299072,
171647,,,P-C,,189.10717964172363,Error when retrieving token from sso: Token has expired and refresh failed,,13311.02991104126,,,18659.79504585266,
171648,,,P-C,,184.8740577697754,Error when retrieving token from sso: Token has expired and refresh failed,,13006.26516342163,,,14516.418933868408,
171649,,,P-C,,193.07708740234375,Error when retrieving token from sso: Token has expired and refresh failed,,15162.054061889648,,,14536.4990234375,
171650,,,P-C,,181.9632053375244,Error when retrieving token from sso: Token has expired and refresh failed,,19075.78682899475,,,16017.750024795532,
171921,,,P-C,,188.83705139160156,Error when retrieving token from sso: Token has expired and refresh failed,,16396.5060710907,,,19972.824096679688,
17233,,,P-C,,182.8618049621582,Error when retrieving token from sso: Token has expired and refresh failed,,13113.048076629639,,,11988.016128540039,
17540,,,P-C,,184.57317352294922,Error when retrieving token from sso: Token has expired and refresh failed,,15121.896982192993,,,14191.702842712402,
17541,,,P-C,,184.0801239013672,Error when retrieving token from sso: Token has expired and refresh failed,,17551.9700050354,,,15273.061037063599,
17680,,,P-C,,182.8930377960205,Error when retrieving token from sso: Token has expired and refresh failed,,14099.117755889893,,,14038.275003433228,
176851,,,P-C,,186.33699417114258,Error when retrieving token from sso: Token has expired and refresh failed,,18540.629863739014,,,22929.40068244934,
176995,,,P-C,,183.37512016296387,Error when retrieving token from sso: Token has expired and refresh failed,,15770.005941390991,,,13060.679197311401,
177003,,,P-C,,182.52182006835938,Error when retrieving token from sso: Token has expired and refresh failed,,16352.212905883789,,,18424.69096183777,
17789,,,P-C,,182.4667453765869,Error when retrieving token from sso: Token has expired and refresh failed,,14542.760848999023,,,12688.096046447754,
178403,,,P-C,,189.3942356109619,Error when retrieving token from sso: Token has expired and refresh failed,,17325.562238693237,,,17828.55224609375,
178650,,,P-C,,178.38406562805176,Error when retrieving token from sso: Token has expired and refresh failed,,15204.149007797241,,,17196.5389251709,
180614,,,P-C,,182.90305137634277,Error when retrieving token from sso: Token has expired and refresh failed,,18155.91287612915,,,15359.862089157104,
180671,,,P-C,,191.44964218139648,Error when retrieving token from sso: Token has expired and refresh failed,,19196.58398628235,,,19748.570203781128,
180754,,,P-C,,186.22803688049316,Error when retrieving token from sso: Token has expired and refresh failed,,14012.09282875061,,,14350.940942764282,
180755,,,P-C,,185.97006797790527,Error when retrieving token from sso: Token has expired and refresh failed,,20432.459831237793,,,18966.82381629944,
180756,,,P-C,,189.4819736480713,Error when retrieving token from sso: Token has expired and refresh failed,,15140.516996383667,,,22607.667922973633,
181509,,,P-C,,183.87722969055176,Error when retrieving token from sso: Token has expired and refresh failed,,15120.513677597046,,,18870.79620361328,
182615,,,P-C,,186.16294860839844,Error when retrieving token from sso: Token has expired and refresh failed,,17478.821754455566,,,17511.8088722229,
182666,,,P-C,,190.98210334777832,Error when retrieving token from sso: Token has expired and refresh failed,,19832.775831222534,,,17763.175010681152,
182667,,,P-C,,185.791015625,Error when retrieving token from sso: Token has expired and refresh failed,,20627.551078796387,,,21304.45623397827,
182668,,,P-C,,186.77091598510742,Error when retrieving token from sso: Token has expired and refresh failed,,17076.765060424805,,,18425.59003829956,
182701,,,P-C,,183.3360195159912,Error when retrieving token from sso: Token has expired and refresh failed,,10374.799966812134,,,13705.652952194214,
182702,,,P-C,,196.86412811279297,Error when retrieving token from sso: Token has expired and refresh failed,,13904.674768447876,,,15721.472978591919,
182703,,,P-C,,188.7831687927246,Error when retrieving token from sso: Token has expired and refresh failed,,12965.37184715271,,,13618.337154388428,
182704,,,P-C,,184.73100662231445,Error when retrieving token from sso: Token has expired and refresh failed,,17621.732234954834,,,17822.417974472046,
186068,,,P-C,,184.0987205505371,Error when retrieving token from sso: Token has expired and refresh failed,,9551.644086837769,,,9622.881174087524,
187617,,,P-C,,191.79201126098633,Error when retrieving token from sso: Token has expired and refresh failed,,10626.749992370605,,,17922.21689224243,
187624,,,P-C,,189.439058303833,Error when retrieving token from sso: Token has expired and refresh failed,,10774.51777458191,,,27750.500679016113,
187731,,,P-C,,188.3411407470703,Error when retrieving token from sso: Token has expired and refresh failed,,12143.027305603027,,,15769.472122192383,
188563,,,P-C,,185.30893325805664,Error when retrieving token from sso: Token has expired and refresh failed,,13905.82299232483,,,9648.526906967163,
193452,,,P-C,,186.6590976715088,Error when retrieving token from sso: Token has expired and refresh failed,,11874.90200996399,,,17793.36380958557,
193536,,,P-C,,186.98978424072266,Error when retrieving token from sso: Token has expired and refresh failed,,10853.904247283936,,,10266.018152236938,
193537,,,P-C,,184.1111183166504,Error when retrieving token from sso: Token has expired and refresh failed,,11166.343927383423,,,13411.741018295288,
193538,,,P-C,,185.3799819946289,Error when retrieving token from sso: Token has expired and refresh failed,,13557.53231048584,,,12369.313955307007,
193539,,,P-C,,189.194917678833,Error when retrieving token from sso: Token has expired and refresh failed,,13128.89313697815,,,13517.35782623291,
193566,,,P-C,,183.5629940032959,Error when retrieving token from sso: Token has expired and refresh failed,,16071.285009384155,,,11700.403213500977,
193567,,,P-C,,185.00709533691406,Error when retrieving token from sso: Token has expired and refresh failed,,13694.967031478882,,,13308.579921722412,
196451,,,P-C,,189.36800956726074,Error when retrieving token from sso: Token has expired and refresh failed,,14958.72688293457,,,17885.115146636963,
196452,,,P-C,,189.47196006774902,Error when retrieving token from sso: Token has expired and refresh failed,,16516.20101928711,,,16315.390825271606,
196453,,,P-C,,196.6400146484375,Error when retrieving token from sso: Token has expired and refresh failed,,11209.460258483887,,,24473.33002090454,
196454,,,P-C,,183.08782577514648,Error when retrieving token from sso: Token has expired and refresh failed,,16250.638008117676,,,15258.111953735352,
196484,,,P-C,,191.6351318359375,Error when retrieving token from sso: Token has expired and refresh failed,,16123.859882354736,,,10756.188154220581,
196485,,,P-C,,189.16082382202148,Error when retrieving token from sso: Token has expired and refresh failed,,12692.858219146729,,,19864.82000350952,
196486,,,P-C,,183.70890617370605,Error when retrieving token from sso: Token has expired and refresh failed,,11495.40090560913,,,14645.778179168701,
196487,,,P-C,,181.1990737915039,Error when retrieving token from sso: Token has expired and refresh failed,,15234.344005584717,,,23500.455856323242,
196488,,,P-C,,185.0130558013916,Error when retrieving token from sso: Token has expired and refresh failed,,14499.260902404785,,,21860.734939575195,
196489,,,P-C,,185.29224395751953,Error when retrieving token from sso: Token has expired and refresh failed,,12778.669118881226,,,18324.42593574524,
196490,,,P-C,,190.26684761047363,Error when retrieving token from sso: Token has expired and refresh failed,,14911.3130569458,,,19154.46901321411,
196959,,,P-C,,190.49501419067383,Error when retrieving token from sso: Token has expired and refresh failed,,16504.836082458496,,,15973.893165588379,
197066,,,P-C,,186.44475936889648,Error when retrieving token from sso: Token has expired and refresh failed,,13572.896003723145,,,16263.757944107056,
200552,,,P-C,,185.55116653442383,Error when retrieving token from sso: Token has expired and refresh failed,,17760.509967803955,,,22833.09292793274,
200555,,,P-C,,180.80902099609375,Error when retrieving token from sso: Token has expired and refresh failed,,12560.449123382568,,,11136.137008666992,
200563,,,P-C,,186.26689910888672,Error when retrieving token from sso: Token has expired and refresh failed,,18127.77018547058,,,15241.034984588623,
200564,,,P-C,,188.16590309143066,Error when retrieving token from sso: Token has expired and refresh failed,,19487.468242645264,,,17396.310091018677,
20078,,,P-C,,183.7630271911621,Error when retrieving token from sso: Token has expired and refresh failed,,16489.3639087677,,,24320.412158966064,
201242,,,P-C,,197.81184196472168,Error when retrieving token from sso: Token has expired and refresh failed,,14790.650844573975,,,14729.339838027954,
201243,,,P-C,,193.4199333190918,Error when retrieving token from sso: Token has expired and refresh failed,,16281.176090240479,,,13425.228834152222,
20143,,,P-C,,184.58890914916992,Error when retrieving token from sso: Token has expired and refresh failed,,14760.5721950531,,,18016.594886779785,
20170,,,P-C,,189.33773040771484,Error when retrieving token from sso: Token has expired and refresh failed,,15899.419784545898,,,17383.431911468506,
20171,,,P-C,,187.53385543823242,Error when retrieving token from sso: Token has expired and refresh failed,,13922.73998260498,,,17611.58585548401,
20172,,,P-C,,186.3563060760498,Error when retrieving token from sso: Token has expired and refresh failed,,20790.658950805664,,,14849.449872970581,
210901,,,P-C,,181.671142578125,Error when retrieving token from sso: Token has expired and refresh failed,,16178.83014678955,,,13617.629051208496,
210902,,,P-C,,185.35923957824707,Error when retrieving token from sso: Token has expired and refresh failed,,14731.826782226562,,,16588.505029678345,
210947,,,P-C,,183.75277519226074,Error when retrieving token from sso: Token has expired and refresh failed,,9550.17113685608,,,13620.532035827637,
216699,,,P-C,,189.7280216217041,Error when retrieving token from sso: Token has expired and refresh failed,,8452.285766601562,,,14903.541803359985,
218533,,,P-C,,186.03014945983887,Error when retrieving token from sso: Token has expired and refresh failed,,12330.067873001099,,,10646.834135055542,
220677,,,P-C,,183.69793891906738,Error when retrieving token from sso: Token has expired and refresh failed,,21219.191074371338,,,14275.282144546509,
221150,,,P-C,,186.96904182434082,Error when retrieving token from sso: Token has expired and refresh failed,,13518.341064453125,,,12439.91208076477,
221151,,,P-C,,186.58876419067383,Error when retrieving token from sso: Token has expired and refresh failed,,13789.741039276123,,,18022.24826812744,
221152,,,P-C,,189.41783905029297,Error when retrieving token from sso: Token has expired and refresh failed,,14012.094020843506,,,18432.43384361267,
221153,,,P-C,,186.6459846496582,Error when retrieving token from sso: Token has expired and refresh failed,,13217.817068099976,,,17444.797039031982,
221191,,,P-C,,183.85815620422363,Error when retrieving token from sso: Token has expired and refresh failed,,12732.336044311523,,,14182.537317276001,
222844,,,P-C,,184.1280460357666,Error when retrieving token from sso: Token has expired and refresh failed,,22087.558031082153,,,12409.884929656982,
222879,,,P-C,,189.03565406799316,Error when retrieving token from sso: Token has expired and refresh failed,,11468.349933624268,,,14836.77077293396,
222880,,,P-C,,190.42420387268066,Error when retrieving token from sso: Token has expired and refresh failed,,13106.19330406189,,,18529.719829559326,
223,,,P-C,,196.5029239654541,Error when retrieving token from sso: Token has expired and refresh failed,,13332.11088180542,,,19682.294130325317,
224986,,,P-C,,192.82293319702148,Error when retrieving token from sso: Token has expired and refresh failed,,14333.460807800293,,,17510.241746902466,
225307,,,P-C,,184.38291549682617,Error when retrieving token from sso: Token has expired and refresh failed,,17974.99108314514,,,14040.71593284607,
225422,,,P-C,,187.35885620117188,Error when retrieving token from sso: Token has expired and refresh failed,,12991.502046585083,,,20992.393970489502,
225423,,,P-C,,187.6518726348877,Error when retrieving token from sso: Token has expired and refresh failed,,16833.52780342102,,,21397.90368080139,
225504,,,P-C,,186.86795234680176,Error when retrieving token from sso: Token has expired and refresh failed,,15950.491905212402,,,22210.320949554443,
225932,,,P-C,,190.18077850341797,Error when retrieving token from sso: Token has expired and refresh failed,,19589.143991470337,,,22323.591947555542,
225933,,,P-C,,185.9569549560547,Error when retrieving token from sso: Token has expired and refresh failed,,16419.26598548889,,,15621.9162940979,
225939,,,P-C,,186.15460395812988,Error when retrieving token from sso: Token has expired and refresh failed,,16331.984996795654,,,16785.247087478638,
225940,,,P-C,,182.16490745544434,Error when retrieving token from sso: Token has expired and refresh failed,,19975.46100616455,,,20478.913068771362,
225941,,,P-C,,184.82589721679688,Error when retrieving token from sso: Token has expired and refresh failed,,19451.487064361572,,,19424.208164215088,
225942,,,P-C,,197.32093811035156,Error when retrieving token from sso: Token has expired and refresh failed,,9449.166059494019,,,17384.345054626465,
227373,,,P-C,,476.47619247436523,Error when retrieving token from sso: Token has expired and refresh failed,,15154.668807983398,,,14031.270027160645,
227903,,,P-C,,190.27090072631836,Error when retrieving token from sso: Token has expired and refresh failed,,12900.17318725586,,,12306.075811386108,
229219,,,P-C,,186.94806098937988,Error when retrieving token from sso: Token has expired and refresh failed,,14721.500873565674,,,15941.257953643799,
229220,,,P-C,,182.29293823242188,Error when retrieving token from sso: Token has expired and refresh failed,,13501.406192779541,,,15902.956008911133,
229221,,,P-C,,183.88104438781738,Error when retrieving token from sso: Token has expired and refresh failed,,13573.493957519531,,,15053.379774093628,
229222,,,P-C,,189.44501876831055,Error when retrieving token from sso: Token has expired and refresh failed,,11698.555946350098,,,14743.207216262817,
229223,,,P-C,,221.93312644958496,Error when retrieving token from sso: Token has expired and refresh failed,,14216.819047927856,,,17594.88081932068,
229231,,,P-C,,189.32700157165527,Error when retrieving token from sso: Token has expired and refresh failed,,17980.751037597656,,,18225.544929504395,
229232,,,P-C,,185.7900619506836,Error when retrieving token from sso: Token has expired and refresh failed,,15051.460027694702,,,17090.71707725525,
229233,,,P-C,,183.86507034301758,Error when retrieving token from sso: Token has expired and refresh failed,,20086.591005325317,,,22541.235208511353,
229234,,,P-C,,187.95084953308105,Error when retrieving token from sso: Token has expired and refresh failed,,12077.25191116333,,,16503.179788589478,
232898,,,P-C,,185.57167053222656,Error when retrieving token from sso: Token has expired and refresh failed,,17501.54685974121,,,15975.685119628906,
232903,,,P-C,,185.46390533447266,Error when retrieving token from sso: Token has expired and refresh failed,,20387.01105117798,,,28866.33801460266,
238569,,,P-C,,193.6361789703369,Error when retrieving token from sso: Token has expired and refresh failed,,14543.745040893555,,,15559.531927108765,
242359,,,P-C,,184.58271026611328,Error when retrieving token from sso: Token has expired and refresh failed,,19049.291849136353,,,17023.98371696472,
245343,,,P-C,,187.6962184906006,Error when retrieving token from sso: Token has expired and refresh failed,,15404.474020004272,,,17406.688928604126,
245379,,,P-C,,184.89313125610352,Error when retrieving token from sso: Token has expired and refresh failed,,14703.86791229248,,,15770.344257354736,
245380,,,P-C,,182.45983123779297,Error when retrieving token from sso: Token has expired and refresh failed,,13916.09811782837,,,13215.691089630127,
246598,,,P-C,,180.39488792419434,Error when retrieving token from sso: Token has expired and refresh failed,,14422.845840454102,,,21507.304906845093,
251809,,,P-C,,184.10277366638184,Error when retrieving token from sso: Token has expired and refresh failed,,12044.774770736694,,,14423.489809036255,
2602,,,P-C,,187.7591609954834,Error when retrieving token from sso: Token has expired and refresh failed,,9969.03395652771,,,14629.85873222351,
260541,,,P-C,,186.8422031402588,Error when retrieving token from sso: Token has expired and refresh failed,,13454.558849334717,,,13701.809883117676,
260556,,,P-C,,186.84816360473633,Error when retrieving token from sso: Token has expired and refresh failed,,14189.069032669067,,,15559.288024902344,
260563,,,P-C,,182.11007118225098,Error when retrieving token from sso: Token has expired and refresh failed,,9923.168897628784,,,13963.829040527344,
260604,,,P-C,,185.69183349609375,Error when retrieving token from sso: Token has expired and refresh failed,,21080.79218864441,,,17103.42788696289,
260605,,,P-C,,184.4799518585205,Error when retrieving token from sso: Token has expired and refresh failed,,11895.206928253174,,,16694.756031036377,
260614,,,P-C,,181.37121200561523,Error when retrieving token from sso: Token has expired and refresh failed,,15474.012851715088,,,18988.91592025757,
260615,,,P-C,,185.61697006225586,Error when retrieving token from sso: Token has expired and refresh failed,,14093.905210494995,,,20067.05093383789,
260616,,,P-C,,187.82377243041992,Error when retrieving token from sso: Token has expired and refresh failed,,14947.300672531128,,,16862.781047821045,
260857,,,P-C,,183.6528778076172,Error when retrieving token from sso: Token has expired and refresh failed,,12039.007902145386,,,18676.337003707886,
260858,,,P-C,,186.295747756958,Error when retrieving token from sso: Token has expired and refresh failed,,12184.90195274353,,,13024.432897567749,
260861,,,P-C,,185.7280731201172,Error when retrieving token from sso: Token has expired and refresh failed,,15624.425411224365,,,18245.856046676636,
260862,,,P-C,,184.50379371643066,Error when retrieving token from sso: Token has expired and refresh failed,,11852.062940597534,,,20252.07281112671,
260872,,,P-C,,185.68086624145508,Error when retrieving token from sso: Token has expired and refresh failed,,17838.042736053467,,,18904.215097427368,
260877,,,P-C,,187.28399276733398,Error when retrieving token from sso: Token has expired and refresh failed,,20652.03809738159,,,20689.016819000244,
260878,,,P-C,,196.11883163452148,Error when retrieving token from sso: Token has expired and refresh failed,,13201.566934585571,,,14901.917934417725,
263220,,,P-C,,181.5629005432129,Error when retrieving token from sso: Token has expired and refresh failed,,14186.991930007935,,,16899.996280670166,
264303,,,P-C,,181.7169189453125,Error when retrieving token from sso: Token has expired and refresh failed,,15527.198314666748,,,26112.91813850403,
264304,,,P-C,,182.4350357055664,Error when retrieving token from sso: Token has expired and refresh failed,,19516.291856765747,,,18734.487056732178,
2648,,,P-C,,182.47604370117188,Error when retrieving token from sso: Token has expired and refresh failed,,14267.345190048218,,,11432.645797729492,
2649,,,P-C,,188.14492225646973,Error when retrieving token from sso: Token has expired and refresh failed,,11657.30595588684,,,17217.437982559204,
2650,,,P-C,,188.58098983764648,Error when retrieving token from sso: Token has expired and refresh failed,,12482.645034790039,,,10852.753162384033,
266946,,,P-C,,184.82494354248047,Error when retrieving token from sso: Token has expired and refresh failed,,20144.17791366577,,,13312.72029876709,
269280,,,P-C,,189.3298625946045,Error when retrieving token from sso: Token has expired and refresh failed,,10876.88398361206,,,17716.038942337036,
269283,,,P-C,,196.61736488342285,Error when retrieving token from sso: Token has expired and refresh failed,,15198.77576828003,,,25505.094051361084,
269513,,,P-C,,182.68585205078125,Error when retrieving token from sso: Token has expired and refresh failed,,22021.61717414856,,,18818.39680671692,
269723,,,P-C,,194.3039894104004,Error when retrieving token from sso: Token has expired and refresh failed,,16006.476163864136,,,16488.454818725586,
269724,,,P-C,,185.42098999023438,Error when retrieving token from sso: Token has expired and refresh failed,,10640.908241271973,,,22437.451124191284,
269725,,,P-C,,183.8700771331787,Error when retrieving token from sso: Token has expired and refresh failed,,12072.284936904907,,,15146.383285522461,
269726,,,P-C,,183.99691581726074,Error when retrieving token from sso: Token has expired and refresh failed,,18122.642755508423,,,20520.13897895813,
269727,,,P-C,,185.27531623840332,Error when retrieving token from sso: Token has expired and refresh failed,,15588.596105575562,,,19823.817014694214,
282465,,,P-C,,186.39898300170898,Error when retrieving token from sso: Token has expired and refresh failed,,17702.001810073853,,,21958.75310897827,
282467,,,P-C,,215.34109115600586,Error when retrieving token from sso: Token has expired and refresh failed,,12185.55212020874,,,22676.408052444458,
282474,,,P-C,,182.6157569885254,Error when retrieving token from sso: Token has expired and refresh failed,,13724.350929260254,,,19964.494228363037,
282475,,,P-C,,182.10911750793457,Error when retrieving token from sso: Token has expired and refresh failed,,13490.731000900269,,,21015.06996154785,
282482,,,P-C,,186.13123893737793,Error when retrieving token from sso: Token has expired and refresh failed,,20661.21220588684,,,15462.867975234985,
282484,,,P-C,,183.33005905151367,Error when retrieving token from sso: Token has expired and refresh failed,,15453.42493057251,,,21960.4709148407,
282496,,,P-C,,185.22286415100098,Error when retrieving token from sso: Token has expired and refresh failed,,17668.379068374634,,,16404.009103775024,
282498,,,P-C,,180.38082122802734,Error when retrieving token from sso: Token has expired and refresh failed,,17280.73000907898,,,23547.131776809692,
282501,,,P-C,,187.08109855651855,Error when retrieving token from sso: Token has expired and refresh failed,,17404.64496612549,,,13723.37007522583,
282516,,,P-C,,184.3430995941162,Error when retrieving token from sso: Token has expired and refresh failed,,15785.470962524414,,,15567.916870117188,
282517,,,P-C,,188.44127655029297,Error when retrieving token from sso: Token has expired and refresh failed,,12892.989158630371,,,15668.728828430176,
282518,,,P-C,,184.42010879516602,Error when retrieving token from sso: Token has expired and refresh failed,,12938.622951507568,,,16284.550905227661,
282524,,,P-C,,183.0427646636963,Error when retrieving token from sso: Token has expired and refresh failed,,14772.08399772644,,,18075.239896774292,
282525,,,P-C,,190.07587432861328,Error when retrieving token from sso: Token has expired and refresh failed,,15896.203994750977,,,18617.011785507202,
282551,,,P-C,,184.07583236694336,Error when retrieving token from sso: Token has expired and refresh failed,,19781.06117248535,,,16848.604202270508,
282554,,,P-C,,184.36408042907715,Error when retrieving token from sso: Token has expired and refresh failed,,12637.82024383545,,,13248.781681060791,
282555,,,P-C,,184.1428279876709,Error when retrieving token from sso: Token has expired and refresh failed,,15372.053146362305,,,16585.503816604614,
282556,,,P-C,,185.0450038909912,Error when retrieving token from sso: Token has expired and refresh failed,,15552.30689048767,,,15257.287979125977,
282557,,,P-C,,203.4003734588623,Error when retrieving token from sso: Token has expired and refresh failed,,17942.01683998108,,,19970.06893157959,
282558,,,P-C,,183.57419967651367,Error when retrieving token from sso: Token has expired and refresh failed,,13481.427907943726,,,18307.22403526306,
282559,,,P-C,,180.7410717010498,Error when retrieving token from sso: Token has expired and refresh failed,,11286.457061767578,,,12001.091957092285,
282560,,,P-C,,183.66503715515137,Error when retrieving token from sso: Token has expired and refresh failed,,11899.128913879395,,,15058.582067489624,
282561,,,P-C,,186.28406524658203,Error when retrieving token from sso: Token has expired and refresh failed,,11600.277185440063,,,13103.102922439575,
282562,,,P-C,,186.88368797302246,Error when retrieving token from sso: Token has expired and refresh failed,,11693.751096725464,,,15154.009103775024,
282563,,,P-C,,192.34633445739746,Error when retrieving token from sso: Token has expired and refresh failed,,14356.114864349365,,,15424.516201019287,
282599,,,P-C,,180.253267288208,Error when retrieving token from sso: Token has expired and refresh failed,,15100.763082504272,,,15767.790079116821,
282617,,,P-C,,185.84012985229492,Error when retrieving token from sso: Token has expired and refresh failed,,15111.873865127563,,,13479.002952575684,
282618,,,P-C,,187.5929832458496,Error when retrieving token from sso: Token has expired and refresh failed,,15411.946058273315,,,14158.82396697998,
282619,,,P-C,,184.4170093536377,Error when retrieving token from sso: Token has expired and refresh failed,,14746.689081192017,,,15379.064083099365,
284443,,,P-C,,188.8139247894287,Error when retrieving token from sso: Token has expired and refresh failed,,11821.727991104126,,,21195.03116607666,
285436,,,P-C,,190.19484519958496,Error when retrieving token from sso: Token has expired and refresh failed,,12392.57025718689,,,26390.589952468872,
289,,,P-C,,183.80427360534668,Error when retrieving token from sso: Token has expired and refresh failed,,11986.170768737793,,,16599.39193725586,
289762,,,P-C,,189.34226036071777,Error when retrieving token from sso: Token has expired and refresh failed,,13646.546840667725,,,14455.604076385498,
289763,,,P-C,,192.0461654663086,Error when retrieving token from sso: Token has expired and refresh failed,,12234.561681747437,,,18279.808044433594,
289764,,,P-C,,185.52803993225098,Error when retrieving token from sso: Token has expired and refresh failed,,10138.115882873535,,,12847.747087478638,
289765,,,P-C,,185.40477752685547,Error when retrieving token from sso: Token has expired and refresh failed,,11387.64500617981,,,15049.990892410278,
289766,,,P-C,,186.6300106048584,Error when retrieving token from sso: Token has expired and refresh failed,,14463.589906692505,,,14449.403285980225,
289767,,,P-C,,190.3998851776123,Error when retrieving token from sso: Token has expired and refresh failed,,16131.227016448975,,,19138.723134994507,
289768,,,P-C,,184.7522258758545,Error when retrieving token from sso: Token has expired and refresh failed,,16039.604902267456,,,11571.154832839966,
289769,,,P-C,,191.46418571472168,Error when retrieving token from sso: Token has expired and refresh failed,,13545.571088790894,,,20034.22212600708,
289770,,,P-C,,186.0949993133545,Error when retrieving token from sso: Token has expired and refresh failed,,12217.432022094727,,,12634.305953979492,
292512,,,P-C,,189.0108585357666,Error when retrieving token from sso: Token has expired and refresh failed,,11042.762994766235,,,17628.639936447144,
292520,,,P-C,,185.33897399902344,Error when retrieving token from sso: Token has expired and refresh failed,,11075.866222381592,,,13844.86198425293,
292538,,,P-C,,184.7400665283203,Error when retrieving token from sso: Token has expired and refresh failed,,13014.823198318481,,,15228.273153305054,
298464,,,P-C,,183.67886543273926,Error when retrieving token from sso: Token has expired and refresh failed,,13826.582670211792,,,11993.810892105103,
298465,,,P-C,,189.62597846984863,Error when retrieving token from sso: Token has expired and refresh failed,,12744.014739990234,,,8306.532859802246,
298466,,,P-C,,190.62137603759766,Error when retrieving token from sso: Token has expired and refresh failed,,12444.88501548767,,,12574.073791503906,
298467,,,P-C,,182.2211742401123,Error when retrieving token from sso: Token has expired and refresh failed,,12800.527095794678,,,13700.011014938354,
298468,,,P-C,,186.45191192626953,Error when retrieving token from sso: Token has expired and refresh failed,,9933.923959732056,,,11084.113836288452,
298469,,,P-C,,195.87302207946777,Error when retrieving token from sso: Token has expired and refresh failed,,10133.619785308838,,,8782.29308128357,
300825,,,P-C,,904.2110443115234,Error when retrieving token from sso: Token has expired and refresh failed,,12570.437908172607,,,20219.544887542725,
301274,,,P-C,,181.55598640441895,Error when retrieving token from sso: Token has expired and refresh failed,,12796.864986419678,,,17204.739093780518,
301277,,,P-C,,184.88717079162598,Error when retrieving token from sso: Token has expired and refresh failed,,13342.30089187622,,,16665.51685333252,
301280,,,P-C,,184.48781967163086,Error when retrieving token from sso: Token has expired and refresh failed,,16135.130167007446,,,18740.11492729187,
301391,,,P-C,,182.98602104187012,Error when retrieving token from sso: Token has expired and refresh failed,,13311.509847640991,,,16893.07999610901,
301392,,,P-C,,183.38894844055176,Error when retrieving token from sso: Token has expired and refresh failed,,15770.464897155762,,,11352.366924285889,
301424,,,P-C,,184.8149299621582,Error when retrieving token from sso: Token has expired and refresh failed,,16691.375970840454,,,15772.727727890015,
305969,,,P-C,,185.43720245361328,Error when retrieving token from sso: Token has expired and refresh failed,,11532.746076583862,,,16412.11485862732,
306552,,,P-C,,199.30386543273926,Error when retrieving token from sso: Token has expired and refresh failed,,13510.133981704712,,,18151.700973510742,
307269,,,P-C,,183.23397636413574,Error when retrieving token from sso: Token has expired and refresh failed,,11052.654027938843,,,20582.545280456543,
308575,,,P-C,,189.44525718688965,Error when retrieving token from sso: Token has expired and refresh failed,,17738.271951675415,,,15959.535837173462,
308592,,,P-C,,187.3791217803955,Error when retrieving token from sso: Token has expired and refresh failed,,13926.397800445557,,,15897.979259490967,
308605,,,P-C,,183.42208862304688,Error when retrieving token from sso: Token has expired and refresh failed,,16390.42091369629,,,10957.244873046875,
308606,,,P-C,,181.7190647125244,Error when retrieving token from sso: Token has expired and refresh failed,,12967.144966125488,,,11980.807065963745,
308652,,,P-C,,195.51515579223633,Error when retrieving token from sso: Token has expired and refresh failed,,14873.783111572266,,,13489.282846450806,
308653,,,P-C,,186.45811080932617,Error when retrieving token from sso: Token has expired and refresh failed,,15816.710948944092,,,20758.24809074402,
309837,,,P-C,,194.81182098388672,Error when retrieving token from sso: Token has expired and refresh failed,,18151.11207962036,,,20436.672925949097,
309844,,,P-C,,192.95811653137207,Error when retrieving token from sso: Token has expired and refresh failed,,15791.617155075073,,,10927.937030792236,
309871,,,P-C,,185.76383590698242,Error when retrieving token from sso: Token has expired and refresh failed,,15325.916767120361,,,18346.612215042114,
309872,,,P-C,,182.60502815246582,Error when retrieving token from sso: Token has expired and refresh failed,,21100.533962249756,,,20512.56012916565,
313591,,,P-C,,186.51700019836426,Error when retrieving token from sso: Token has expired and refresh failed,,14578.511238098145,,,17719.84314918518,
315985,,,P-C,,194.4558620452881,Error when retrieving token from sso: Token has expired and refresh failed,,14851.28402709961,,,21850.457191467285,
315994,,,P-C,,187.47687339782715,Error when retrieving token from sso: Token has expired and refresh failed,,19745.630025863647,,,18288.140058517456,
319972,,,P-C,,185.54425239562988,Error when retrieving token from sso: Token has expired and refresh failed,,21509.106874465942,,,22067.304134368896,
319984,,,P-C,,189.8500919342041,Error when retrieving token from sso: Token has expired and refresh failed,,10626.837968826294,,,13719.868898391724,
319985,,,P-C,,188.1859302520752,Error when retrieving token from sso: Token has expired and refresh failed,,12880.462169647217,,,13108.099222183228,
319998,,,P-C,,189.43095207214355,Error when retrieving token from sso: Token has expired and refresh failed,,14140.662908554077,,,13619.83609199524,
320912,,,P-C,,188.89379501342773,Error when retrieving token from sso: Token has expired and refresh failed,,15486.293077468872,,,22013.00096511841,
320920,,,P-C,,183.05110931396484,Error when retrieving token from sso: Token has expired and refresh failed,,16680.151224136353,,,18331.139087677002,
320974,,,P-C,,183.72368812561035,Error when retrieving token from sso: Token has expired and refresh failed,,11317.4409866333,,,17610.466241836548,
322545,,,P-C,,188.309907913208,Error when retrieving token from sso: Token has expired and refresh failed,,19469.741821289062,,,20932.89279937744,
322553,,,P-C,,181.46729469299316,Error when retrieving token from sso: Token has expired and refresh failed,,18254.38904762268,,,19664.571285247803,
322572,,,P-C,,186.2618923187256,Error when retrieving token from sso: Token has expired and refresh failed,,17288.629055023193,,,15006.589889526367,
322647,,,P-C,,187.0112419128418,Error when retrieving token from sso: Token has expired and refresh failed,,15032.533884048462,,,16535.01582145691,
322648,,,P-C,,188.19093704223633,Error when retrieving token from sso: Token has expired and refresh failed,,19237.52188682556,,,12180.859088897705,
322669,,,P-C,,184.8151683807373,Error when retrieving token from sso: Token has expired and refresh failed,,16755.247116088867,,,20900.81477165222,
322670,,,P-C,,195.6160068511963,Error when retrieving token from sso: Token has expired and refresh failed,,16234.904050827026,,,20053.196907043457,
325104,,,P-C,,183.13908576965332,Error when retrieving token from sso: Token has expired and refresh failed,,11106.825828552246,,,18284.618139266968,
325220,,,P-C,,182.58404731750488,Error when retrieving token from sso: Token has expired and refresh failed,,14516.992807388306,,,23596.56286239624,
325221,,,P-C,,198.61793518066406,Error when retrieving token from sso: Token has expired and refresh failed,,12724.057912826538,,,15982.460021972656,
325222,,,P-C,,188.49515914916992,Error when retrieving token from sso: Token has expired and refresh failed,,14182.930946350098,,,13282.915115356445,
330760,,,P-C,,189.5577907562256,Error when retrieving token from sso: Token has expired and refresh failed,,9766.46089553833,,,20074.347019195557,
330769,,,P-C,,184.16690826416016,Error when retrieving token from sso: Token has expired and refresh failed,,14606.276988983154,,,12400.18892288208,
330770,,,P-C,,184.92984771728516,Error when retrieving token from sso: Token has expired and refresh failed,,12502.860069274902,,,12535.492897033691,
330840,,,P-C,,185.28509140014648,Error when retrieving token from sso: Token has expired and refresh failed,,13373.45004081726,,,19830.14702796936,
33124,,,P-C,,185.21690368652344,Error when retrieving token from sso: Token has expired and refresh failed,,17314.027070999146,,,13399.824857711792,
337577,,,P-C,,183.17604064941406,Error when retrieving token from sso: Token has expired and refresh failed,,16873.910665512085,,,21314.718008041382,
338740,,,P-C,,183.1221580505371,Error when retrieving token from sso: Token has expired and refresh failed,,12518.043994903564,,,12669.53182220459,
338741,,,P-C,,184.10515785217285,Error when retrieving token from sso: Token has expired and refresh failed,,12974.101781845093,,,12063.272953033447,
34813,,,P-C,,185.93692779541016,Error when retrieving token from sso: Token has expired and refresh failed,,11370.002031326294,,,12591.444969177246,
34814,,,P-C,,197.36671447753906,Error when retrieving token from sso: Token has expired and refresh failed,,13199.422121047974,,,21974.16090965271,
36676,,,P-C,,192.1079158782959,Error when retrieving token from sso: Token has expired and refresh failed,,14968.369960784912,,,19370.163917541504,
36757,,,P-C,,184.27705764770508,Error when retrieving token from sso: Token has expired and refresh failed,,17308.89892578125,,,21607.89704322815,
3688,,,P-C,,185.1959228515625,Error when retrieving token from sso: Token has expired and refresh failed,,18704.666137695312,,,23123.10028076172,
39888,,,P-C,,185.98604202270508,Error when retrieving token from sso: Token has expired and refresh failed,,14579.26607131958,,,14656.751871109009,
39913,,,P-C,,184.68618392944336,Error when retrieving token from sso: Token has expired and refresh failed,,18884.173154830933,,,24308.441877365112,
39916,,,P-C,,187.12925910949707,Error when retrieving token from sso: Token has expired and refresh failed,,14835.501909255981,,,16406.925201416016,
39917,,,P-C,,185.88495254516602,Error when retrieving token from sso: Token has expired and refresh failed,,15304.75902557373,,,16793.349027633667,
39925,,,P-C,,191.85614585876465,Error when retrieving token from sso: Token has expired and refresh failed,,20196.943998336792,,,21296.59390449524,
41151,,,P-C,,187.70575523376465,Error when retrieving token from sso: Token has expired and refresh failed,,13394.280910491943,,,16873.0149269104,
41163,,,P-C,,190.98806381225586,Error when retrieving token from sso: Token has expired and refresh failed,,12132.54189491272,,,25803.64489555359,
41222,,,P-C,,179.57806587219238,Error when retrieving token from sso: Token has expired and refresh failed,,20638.643980026245,,,14645.19190788269,
41584,,,P-C,,187.7148151397705,Error when retrieving token from sso: Token has expired and refresh failed,,11126.765012741089,,,22271.920919418335,
41590,,,P-C,,186.98716163635254,Error when retrieving token from sso: Token has expired and refresh failed,,11642.506837844849,,,25088.639974594116,
41593,,,P-C,,186.80310249328613,Error when retrieving token from sso: Token has expired and refresh failed,,13107.053756713867,,,17402.51588821411,
41594,,,P-C,,182.48796463012695,Error when retrieving token from sso: Token has expired and refresh failed,,15645.599842071533,,,16028.21683883667,
41602,,,P-C,,187.37196922302246,Error when retrieving token from sso: Token has expired and refresh failed,,13313.82417678833,,,23659.208059310913,
41606,,,P-C,,185.23573875427246,Error when retrieving token from sso: Token has expired and refresh failed,,14946.899890899658,,,12866.687297821045,
41608,,,P-C,,199.0189552307129,Error when retrieving token from sso: Token has expired and refresh failed,,12695.024013519287,,,14695.050954818726,
41642,,,P-C,,190.47880172729492,Error when retrieving token from sso: Token has expired and refresh failed,,12862.898111343384,,,14304.251194000244,
41643,,,P-C,,182.8322410583496,Error when retrieving token from sso: Token has expired and refresh failed,,14791.025876998901,,,21079.81586456299,
41652,,,P-C,,187.12377548217773,Error when retrieving token from sso: Token has expired and refresh failed,,19253.50022315979,,,22159.008979797363,
41653,,,P-C,,182.19399452209473,Error when retrieving token from sso: Token has expired and refresh failed,,14219.80881690979,,,15306.663274765015,
41654,,,P-C,,189.40305709838867,Error when retrieving token from sso: Token has expired and refresh failed,,16374.418258666992,,,15867.562055587769,
41658,,,P-C,,187.3190402984619,Error when retrieving token from sso: Token has expired and refresh failed,,12947.273015975952,,,14342.647075653076,
41659,,,P-C,,182.51490592956543,Error when retrieving token from sso: Token has expired and refresh failed,,12132.620096206665,,,19318.91894340515,
41660,,,P-C,,179.46410179138184,Error when retrieving token from sso: Token has expired and refresh failed,,10408.526182174683,,,14666.71895980835,
41661,,,P-C,,185.0728988647461,Error when retrieving token from sso: Token has expired and refresh failed,,15832.08417892456,,,15007.94792175293,
41690,,,P-C,,191.10703468322754,Error when retrieving token from sso: Token has expired and refresh failed,,11535.544872283936,,,19810.2548122406,
41691,,,P-C,,184.64303016662598,Error when retrieving token from sso: Token has expired and refresh failed,,12351.425886154175,,,14843.361139297485,
41706,,,P-C,,182.52110481262207,Error when retrieving token from sso: Token has expired and refresh failed,,14399.07693862915,,,18873.34895133972,
41714,,,P-C,,193.61281394958496,Error when retrieving token from sso: Token has expired and refresh failed,,15336.178064346313,,,21516.866207122803,
41717,,,P-C,,186.19704246520996,Error when retrieving token from sso: Token has expired and refresh failed,,16641.000986099243,,,24158.452033996582,
41718,,,P-C,,184.7517490386963,Error when retrieving token from sso: Token has expired and refresh failed,,15434.643030166626,,,11742.382049560547,
41719,,,P-C,,187.08419799804688,Error when retrieving token from sso: Token has expired and refresh failed,,11736.361026763916,,,13564.484119415283,
41720,,,P-C,,188.49992752075195,Error when retrieving token from sso: Token has expired and refresh failed,,18995.18632888794,,,17191.322088241577,
42585,,,P-C,,184.97323989868164,Error when retrieving token from sso: Token has expired and refresh failed,,14129.580974578857,,,13415.450096130371,
42588,,,P-C,,188.80009651184082,Error when retrieving token from sso: Token has expired and refresh failed,,10037.795066833496,,,17167.47498512268,
42627,,,P-C,,194.14615631103516,Error when retrieving token from sso: Token has expired and refresh failed,,11302.940845489502,,,23694.101095199585,
42697,,,P-C,,183.72297286987305,Error when retrieving token from sso: Token has expired and refresh failed,,13287.480115890503,,,19382.241010665894,
42698,,,P-C,,184.01193618774414,Error when retrieving token from sso: Token has expired and refresh failed,,12741.15014076233,,,13349.733829498291,
42712,,,P-C,,186.68222427368164,Error when retrieving token from sso: Token has expired and refresh failed,,13804.617881774902,,,16929.875135421753,
42713,,,P-C,,196.3357925415039,Error when retrieving token from sso: Token has expired and refresh failed,,16140.68603515625,,,19076.338052749634,
42714,,,P-C,,184.65685844421387,Error when retrieving token from sso: Token has expired and refresh failed,,11057.0969581604,,,13106.922149658203,
42715,,,P-C,,185.25099754333496,Error when retrieving token from sso: Token has expired and refresh failed,,10264.971017837524,,,17918.9612865448,
42845,,,P-C,,189.63003158569336,Error when retrieving token from sso: Token has expired and refresh failed,,21736.886024475098,,,19660.67385673523,
43046,,,P-C,,184.25917625427246,Error when retrieving token from sso: Token has expired and refresh failed,,16149.174928665161,,,16763.510942459106,
43095,,,P-C,,185.33730506896973,Error when retrieving token from sso: Token has expired and refresh failed,,17653.867959976196,,,12184.571981430054,
46023,,,P-C,,187.30616569519043,Error when retrieving token from sso: Token has expired and refresh failed,,12332.291841506958,,,17441.132068634033,
50161,,,P-C,,189.92304801940918,Error when retrieving token from sso: Token has expired and refresh failed,,14685.276985168457,,,21785.50100326538,
50162,,,P-C,,183.96878242492676,Error when retrieving token from sso: Token has expired and refresh failed,,12071.070194244385,,,19992.626905441284,
50244,,,P-C,,191.1008358001709,Error when retrieving token from sso: Token has expired and refresh failed,,17742.72584915161,,,18167.607069015503,
50245,,,P-C,,185.70375442504883,Error when retrieving token from sso: Token has expired and refresh failed,,12099.06792640686,,,13140.919923782349,
5185,,,P-C,,185.00685691833496,Error when retrieving token from sso: Token has expired and refresh failed,,13186.42807006836,,,20765.971899032593,
5221,,,P-C,,185.5311393737793,Error when retrieving token from sso: Token has expired and refresh failed,,13542.253255844116,,,13945.482969284058,
5222,,,P-C,,183.60590934753418,Error when retrieving token from sso: Token has expired and refresh failed,,20579.93221282959,,,21121.291160583496,
56840,,,P-C,,193.3128833770752,Error when retrieving token from sso: Token has expired and refresh failed,,15743.529081344604,,,15415.96007347107,
56858,,,P-C,,186.66911125183105,Error when retrieving token from sso: Token has expired and refresh failed,,18931.34069442749,,,16585.547924041748,
65049,,,P-C,,184.312105178833,Error when retrieving token from sso: Token has expired and refresh failed,,18857.08785057068,,,16969.399213790894,
65085,,,P-C,,180.05871772766113,Error when retrieving token from sso: Token has expired and refresh failed,,14101.863861083984,,,11871.723890304565,
65086,,,P-C,,184.33713912963867,Error when retrieving token from sso: Token has expired and refresh failed,,16995.53394317627,,,17372.514009475708,
65163,,,P-C,,187.71791458129883,Error when retrieving token from sso: Token has expired and refresh failed,,17001.11484527588,,,19224.246740341187,
67353,,,P-C,,185.14585494995117,Error when retrieving token from sso: Token has expired and refresh failed,,13974.02310371399,,,20066.23911857605,
68451,,,P-C,,187.27397918701172,Error when retrieving token from sso: Token has expired and refresh failed,,10815.659046173096,,,13227.80179977417,
68570,,,P-C,,184.18002128601074,Error when retrieving token from sso: Token has expired and refresh failed,,14524.613857269287,,,11819.926977157593,
75188,,,P-C,,189.27431106567383,Error when retrieving token from sso: Token has expired and refresh failed,,13083.638668060303,,,17916.733980178833,
76531,,,P-C,,183.36200714111328,Error when retrieving token from sso: Token has expired and refresh failed,,14894.969701766968,,,17476.479053497314,
76548,,,P-C,,194.14663314819336,Error when retrieving token from sso: Token has expired and refresh failed,,16562.277793884277,,,14948.272943496704,
76549,,,P-C,,183.8243007659912,Error when retrieving token from sso: Token has expired and refresh failed,,14679.572820663452,,,14140.245914459229,
76561,,,P-C,,191.38312339782715,Error when retrieving token from sso: Token has expired and refresh failed,,17345.707893371582,,,17203.148126602173,
76641,,,P-C,,189.5291805267334,Error when retrieving token from sso: Token has expired and refresh failed,,14618.75295639038,,,14319.829940795898,
8143,,,P-C,,182.70277976989746,Error when retrieving token from sso: Token has expired and refresh failed,,11282.61399269104,,,13824.464797973633,
83882,,,P-C,,182.86991119384766,Error when retrieving token from sso: Token has expired and refresh failed,,11878.053188323975,,,16894.145727157593,
83940,,,P-C,,184.62204933166504,Error when retrieving token from sso: Token has expired and refresh failed,,11537.972927093506,,,18654.319047927856,
85296,,,P-C,,186.1281394958496,Error when retrieving token from sso: Token has expired and refresh failed,,17301.779985427856,,,19390.00916481018,
85350,,,P-C,,182.63483047485352,Error when retrieving token from sso: Token has expired and refresh failed,,14387.417078018188,,,11568.93277168274,
85391,,,P-C,,191.18309020996094,Error when retrieving token from sso: Token has expired and refresh failed,,22623.321056365967,,,13576.956987380981,
85392,,,P-C,,183.5792064666748,Error when retrieving token from sso: Token has expired and refresh failed,,13199.579000473022,,,14444.746971130371,
85393,,,P-C,,183.94875526428223,Error when retrieving token from sso: Token has expired and refresh failed,,14601.48310661316,,,15503.457069396973,
87491,,,P-C,,183.43114852905273,Error when retrieving token from sso: Token has expired and refresh failed,,15576.64704322815,,,14690.200805664062,
8794,,,P-C,,184.58795547485352,Error when retrieving token from sso: Token has expired and refresh failed,,14997.366666793823,,,18018.794059753418,
8836,,,P-C,,294.3391799926758,Error when retrieving token from sso: Token has expired and refresh failed,,19565.070867538452,,,13290.052890777588,
8909,,,P-C,,190.0777816772461,Error when retrieving token from sso: Token has expired and refresh failed,,11900.268077850342,,,15257.364988327026,
8911,,,P-C,,192.63601303100586,Error when retrieving token from sso: Token has expired and refresh failed,,10986.319780349731,,,13638.39602470398,
8912,,,P-C,,190.352201461792,Error when retrieving token from sso: Token has expired and refresh failed,,19066.02382659912,,,15237.71595954895,
8913,,,P-C,,182.51514434814453,Error when retrieving token from sso: Token has expired and refresh failed,,13810.530185699463,,,16675.54998397827,
89832,,,P-C,,187.37196922302246,Error when retrieving token from sso: Token has expired and refresh failed,,17282.414197921753,,,22856.619119644165,
89835,,,P-C,,190.19484519958496,Error when retrieving token from sso: Token has expired and refresh failed,,15988.364219665527,,,20367.581844329834,
90324,,,P-C,,189.73827362060547,Error when retrieving token from sso: Token has expired and refresh failed,,24314.13507461548,,,23476.19080543518,
91329,,,P-C,,185.47821044921875,Error when retrieving token from sso: Token has expired and refresh failed,,10265.44189453125,,,16594.04706954956,
9230,,,P-C,,183.87198448181152,Error when retrieving token from sso: Token has expired and refresh failed,,13601.930141448975,,,23086.502075195312,
9231,,,P-C,,190.57703018188477,Error when retrieving token from sso: Token has expired and refresh failed,,11890.716075897217,,,18941.869020462036,
9232,,,P-C,,189.4090175628662,Error when retrieving token from sso: Token has expired and refresh failed,,11788.967847824097,,,16644.95301246643,
9233,,,P-C,,191.4234161376953,Error when retrieving token from sso: Token has expired and refresh failed,,11470.476150512695,,,20939.178943634033,
9234,,,P-C,,185.45889854431152,Error when retrieving token from sso: Token has expired and refresh failed,,14277.52709388733,,,24474.451065063477,
9235,,,P-C,,184.80730056762695,Error when retrieving token from sso: Token has expired and refresh failed,,9670.58801651001,,,14390.228986740112,
9236,,,P-C,,184.58986282348633,Error when retrieving token from sso: Token has expired and refresh failed,,10301.313877105713,,,16928.43508720398,
9237,,,P-C,,186.36822700500488,Error when retrieving token from sso: Token has expired and refresh failed,,13803.774118423462,,,20865.30900001526,
9238,,,P-C,,182.85894393920898,Error when retrieving token from sso: Token has expired and refresh failed,,9491.643905639648,,,19070.9171295166,
92820,,,P-C,,187.96992301940918,Error when retrieving token from sso: Token has expired and refresh failed,,15636.487245559692,,,29829.841136932373,
92821,,,P-C,,188.78889083862305,Error when retrieving token from sso: Token has expired and refresh failed,,13005.184173583984,,,13724.554777145386,
92823,,,P-C,,180.6941032409668,Error when retrieving token from sso: Token has expired and refresh failed,,12665.635108947754,,,12857.204914093018,
92826,,,P-C,,185.9724521636963,Error when retrieving token from sso: Token has expired and refresh failed,,15474.133014678955,,,17517.290830612183,
92830,,,P-C,,185.90307235717773,Error when retrieving token from sso: Token has expired and refresh failed,,12437.03293800354,,,14189.589023590088,
92833,,,P-C,,190.37699699401855,Error when retrieving token from sso: Token has expired and refresh failed,,16796.44274711609,,,14000.635862350464,
92834,,,P-C,,189.57114219665527,Error when retrieving token from sso: Token has expired and refresh failed,,17204.394817352295,,,17100.76117515564,
92835,,,P-C,,184.49902534484863,Error when retrieving token from sso: Token has expired and refresh failed,,12287.524938583374,,,12372.71499633789,
92836,,,P-C,,186.7671012878418,Error when retrieving token from sso: Token has expired and refresh failed,,16802.966117858887,,,13390.805959701538,
92837,,,P-C,,182.98912048339844,Error when retrieving token from sso: Token has expired and refresh failed,,13977.232933044434,,,15758.062839508057,
92838,,,P-C,,185.30893325805664,Error when retrieving token from sso: Token has expired and refresh failed,,15466.684341430664,,,11575.037956237793,
92841,,,P-C,,191.2381649017334,Error when retrieving token from sso: Token has expired and refresh failed,,16382.440328598022,,,21750.616788864136,
92842,,,P-C,,181.18906021118164,Error when retrieving token from sso: Token has expired and refresh failed,,13294.833183288574,,,14714.855194091797,
92843,,,P-C,,189.32676315307617,Error when retrieving token from sso: Token has expired and refresh failed,,14345.5069065094,,,14043.749332427979,
92846,,,P-C,,185.9138011932373,Error when retrieving token from sso: Token has expired and refresh failed,,13161.85975074768,,,13754.091024398804,
92852,,,P-C,,186.42306327819824,Error when retrieving token from sso: Token has expired and refresh failed,,15793.915033340454,,,26930.876970291138,
92853,,,P-C,,180.94301223754883,Error when retrieving token from sso: Token has expired and refresh failed,,12398.88072013855,,,9371.847867965698,
92858,,,P-C,,184.06200408935547,Error when retrieving token from sso: Token has expired and refresh failed,,12731.036901473999,,,17922.240018844604,
92859,,,P-C,,183.4697723388672,Error when retrieving token from sso: Token has expired and refresh failed,,9282.789707183838,,,9413.702964782715,
92877,,,P-C,,187.43276596069336,Error when retrieving token from sso: Token has expired and refresh failed,,9905.479192733765,,,13533.693313598633,
92880,,,P-C,,184.12423133850098,Error when retrieving token from sso: Token has expired and refresh failed,,10710.829734802246,,,14425.382137298584,
92888,,,P-C,,184.57698822021484,Error when retrieving token from sso: Token has expired and refresh failed,,20946.48504257202,,,14156.34298324585,
92892,,,P-C,,191.61581993103027,Error when retrieving token from sso: Token has expired and refresh failed,,14176.622152328491,,,14837.047815322876,
92893,,,P-C,,191.2219524383545,Error when retrieving token from sso: Token has expired and refresh failed,,10820.86205482483,,,17099.00689125061,
92900,,,P-C,,185.43601036071777,Error when retrieving token from sso: Token has expired and refresh failed,,12518.545150756836,,,20527.4498462677,
92901,,,P-C,,190.37413597106934,Error when retrieving token from sso: Token has expired and refresh failed,,12918.29228401184,,,29458.027124404907,
92909,,,P-C,,188.2498264312744,Error when retrieving token from sso: Token has expired and refresh failed,,18534.20925140381,,,12213.2089138031,
92910,,,P-C,,188.64822387695312,Error when retrieving token from sso: Token has expired and refresh failed,,12694.225311279297,,,11955.617904663086,
92915,,,P-C,,191.94412231445312,Error when retrieving token from sso: Token has expired and refresh failed,,18023.980140686035,,,11530.88903427124,
92916,,,P-C,,181.29396438598633,Error when retrieving token from sso: Token has expired and refresh failed,,12330.793857574463,,,16263.554096221924,
92917,,,P-C,,189.36705589294434,Error when retrieving token from sso: Token has expired and refresh failed,,10741.04118347168,,,16172.682046890259,
92926,,,P-C,,189.3310546875,Error when retrieving token from sso: Token has expired and refresh failed,,16726.478099822998,,,17606.89115524292,
92927,,,P-C,,196.9308853149414,Error when retrieving token from sso: Token has expired and refresh failed,,13514.445781707764,,,13186.389207839966,
92930,,,P-C,,187.6049041748047,Error when retrieving token from sso: Token has expired and refresh failed,,16926.602125167847,,,15241.44196510315,
92938,,,P-C,,189.00203704833984,Error when retrieving token from sso: Token has expired and refresh failed,,21334.160327911377,,,11058.547258377075,
94113,,,P-C,,188.96985054016113,Error when retrieving token from sso: Token has expired and refresh failed,,17093.091011047363,,,24651.233911514282,
94187,,,P-C,,183.78400802612305,Error when retrieving token from sso: Token has expired and refresh failed,,13785.57276725769,,,11137.835025787354,
94468,,,P-C,,185.68778038024902,Error when retrieving token from sso: Token has expired and refresh failed,,17883.699893951416,,,16381.333112716675,
94488,,,P-C,,184.6320629119873,Error when retrieving token from sso: Token has expired and refresh failed,,19473.131895065308,,,20021.29101753235,
94502,,,P-C,,191.57695770263672,Error when retrieving token from sso: Token has expired and refresh failed,,13778.499126434326,,,16246.479988098145,
94504,,,P-C,,185.55426597595215,Error when retrieving token from sso: Token has expired and refresh failed,,15974.85899925232,,,13870.351076126099,
94518,,,P-C,,193.4351921081543,Error when retrieving token from sso: Token has expired and refresh failed,,18429.56805229187,,,14633.867979049683,
94519,,,P-C,,184.9956512451172,Error when retrieving token from sso: Token has expired and refresh failed,,10188.817262649536,,,15513.185977935791,
94520,,,P-C,,188.28415870666504,Error when retrieving token from sso: Token has expired and refresh failed,,14626.503944396973,,,22413.255214691162,
94565,,,P-C,,179.18682098388672,Error when retrieving token from sso: Token has expired and refresh failed,,9422.835111618042,,,13014.56618309021,
94591,,,P-C,,182.96313285827637,Error when retrieving token from sso: Token has expired and refresh failed,,12261.09004020691,,,15413.179159164429,
94595,,,P-C,,185.99700927734375,Error when retrieving token from sso: Token has expired and refresh failed,,18065.82808494568,,,20534.8219871521,
